Joana Vieira;0001; 11.180.00;Professor;2013;CLT;17
Maria Fernanda Ramos;0002; 10.394.00;Vendedor;2014;PJ;1
Liam Souza;0003; 15.242.00;Contador;2012;Terceirizado;1
Murilo Guerra;0004; 12.406.00;Assistente Social;2020;PJ;8
Lunna Barbosa;0005; 17.054.00;Pesquisador;2025;Contrato Temporário;4
Caleb Gonçalves;0006; 2.385.00;Supervisor de Vendas;2017;PJ;2
Pedro Henrique Pinto;0007; 16.680.00;Assistente de RH;2022;Estágio;0
Maria Liz Cardoso;0008; 5.175.00;Técnico de Informática;2020;Estágio;1
Henry Gabriel Cassiano;0009; 2.147.00;Pesquisador;2017;Autônomo;19
Henrique Albuquerque;0010; 10.797.00;Psicólogo;2014;PJ;13
Raul Jesus;0011; 3.435.00;Técnico de Informática;2018;MEI;20
Thales Farias;0012; 8.024.00;Engenheiro de Software;2023;PJ;12
Vinícius das Neves;0013; 6.132.00;Supervisor de Vendas;2024;MEI;17
Henry Gonçalves;0014; 1.776.00;Bibliotecário;2011;CLT;9
Maria Vitória Melo;0015; 9.924.00;Analista Contábil;2022;CLT;10
Larissa Almeida;0016; 4.293.00;Bibliotecário;2017;MEI;8
Eloah Borges;0017; 10.366.00;Gerente de RH;2011;PJ;8
Dra. Ana Júlia Alves;0018; 15.044.00;Técnico de Informática;2016;PJ;12
Carlos Eduardo Martins;0019; 17.814.00;Recepcionista;2021;Autônomo;10
Isaac Farias;0020; 13.156.00;Gerente de RH;2017;Contrato Temporário;2
Sr. Liam Pastor;0021; 17.436.00;Desenvolvedor;2010;Estágio;11
Catarina Cunha;0022; 12.286.00;Pesquisador;2011;Autônomo;18
Luigi Rocha;0023; 6.926.00;Analista Contábil;2026;Estágio;2
Luara Cunha;0024; 1.999.00;Assistente de RH;2019;Estágio;6
Sr. Enzo Azevedo;0025; 9.697.00;Recepcionista;2020;CLT;9
Juan Borges;0026; 17.713.00;Analista Contábil;2021;MEI;6
Rafael Mendonça;0027; 9.243.00;Enfermeiro;2019;Terceirizado;9
João Guilherme Cirino;0028; 1.689.00;Gerente Financeiro;2024;Terceirizado;11
Dante Peixoto;0029; 15.510.00;Engenheiro Civil;2021;PJ;20
Sra. Maria Sophia Cunha;0030; 2.633.00;Engenheiro Civil;2018;Terceirizado;14
Sra. Yasmin Andrade;0031; 15.086.00;Vendedor;2023;Autônomo;1
Isabelly Fogaça;0032; 14.237.00;Atendente;2021;PJ;2
Yasmin Pimenta;0033; 12.988.00;Assistente Social;2021;MEI;0
Clara Machado;0034; 14.567.00;Vendedor;2024;Autônomo;19
Dom Nogueira;0035; 5.820.00;Atendente;2019;CLT;13
Luan Pinto;0036; 6.678.00;Operador de Caixa;2023;Estágio;11
Juan Garcia;0037; 3.212.00;Gerente de RH;2018;Estágio;15
Sr. Théo Gomes;0038; 2.812.00;Operador de Caixa;2016;Terceirizado;7
João Guilherme Souza;0039; 4.954.00;Auxiliar de Logística;2022;PJ;11
Ana Júlia Farias;0040; 9.601.00;Engenheiro de Software;2018;CLT;5
Dr. Bento Rocha;0041; 6.539.00;Auxiliar Administrativo;2015;Terceirizado;3
Hellena Viana;0042; 3.278.00;Designer Gráfico;2015;Terceirizado;11
Yan Pereira;0043; 15.077.00;Operador de Caixa;2011;Estágio;7
Otto Barros;0044; 9.094.00;Assistente de RH;2012;MEI;4
Davi Miguel Campos;0045; 10.387.00;Psicólogo;2024;Contrato Temporário;5
Clara Souza;0046; 8.382.00;Contador;2022;Estágio;20
João Felipe Cavalcante;0047; 8.638.00;Analista de RH;2015;PJ;6
Nicolas Peixoto;0048; 10.081.00;Supervisor de Vendas;2025;PJ;3
Sr. Theo da Rocha;0049; 16.692.00;Enfermeiro;2018;Terceirizado;19
Milena Camargo;0050; 14.140.00;Contador;2023;Estágio;16
Yago Rocha;0051; 14.951.00;Engenheiro Civil;2017;Estágio;1
Rael Barbosa;0052; 4.068.00;Gerente de RH;2013;Autônomo;17
Dr. Benjamim da Cruz;0053; 5.403.00;Gerente Financeiro;2022;PJ;8
Ian da Cunha;0054; 14.956.00;Assistente de RH;2012;Terceirizado;13
Dr. João Cavalcante;0055; 8.840.00;Motorista;2016;Contrato Temporário;18
Luiz Henrique Azevedo;0056; 6.156.00;Analista Administrativo;2024;MEI;13
Laís Campos;0057; 4.448.00;Gerente Financeiro;2024;Terceirizado;1
Davi Miguel Azevedo;0058; 7.864.00;Analista Administrativo;2018;PJ;4
Dr. Rafael Caldeira;0059; 13.012.00;Auxiliar Contábil;2013;PJ;15
Sra. Alana da Paz;0060; 16.493.00;Professor;2015;PJ;1
Maria Laura Pires;0061; 13.929.00;Farmacêutico;2011;PJ;0
Alexia Monteiro;0062; 14.503.00;Médico;2018;CLT;5
Anna Liz da Costa;0063; 3.647.00;Professor;2023;Autônomo;10
Ana Lívia Silva;0064; 9.551.00;Atendente;2017;Estágio;8
José Silva;0065; 16.401.00;Bibliotecário;2025;Estágio;1
Liz Siqueira;0066; 8.333.00;Auxiliar Administrativo;2012;Autônomo;7
Theodoro Silva;0067; 4.294.00;Recepcionista;2023;Estágio;8
Mateus Azevedo;0068; 10.018.00;Professor;2020;Terceirizado;9
Pietra Pimenta;0069; 12.650.00;Técnico de Informática;2013;CLT;11
Sr. Oliver Fernandes;0070; 7.005.00;Médico;2017;PJ;1
Eduarda Souza;0071; 14.173.00;Recepcionista;2026;Autônomo;10
Valentina Ramos;0072; 17.997.00;Auxiliar Contábil;2024;Contrato Temporário;15
Dr. José Pedro Carvalho;0073; 12.548.00;Assistente de RH;2026;CLT;15
Maitê Aparecida;0074; 7.509.00;Analista de Sistemas;2015;CLT;1
Davi Lucas Abreu;0075; 11.846.00;Analista Contábil;2026;Estágio;13
Anna Liz Fonseca;0076; 15.178.00;Desenvolvedor;2022;Autônomo;6
Lucca Lopes;0077; 7.648.00;Auxiliar de Logística;2026;CLT;14
Maria Eduarda Garcia;0078; 16.458.00;Assistente Social;2021;Contrato Temporário;17
Leandro Pereira;0079; 4.055.00;Técnico de Informática;2021;Terceirizado;17
Maria Liz Machado;0080; 9.725.00;Jornalista;2017;Contrato Temporário;1
Lavínia Mendonça;0081; 6.532.00;Supervisor de Vendas;2019;PJ;12
José Miguel Fernandes;0082; 13.014.00;Gerente Financeiro;2014;MEI;11
Dr. Nicolas Santos;0083; 9.772.00;Técnico de Informática;2018;Contrato Temporário;16
Lunna Oliveira;0084; 13.134.00;Professor;2018;Contrato Temporário;11
Ravi Pires;0085; 11.350.00;Auxiliar de Logística;2016;CLT;8
Bruno da Cruz;0086; 14.681.00;Jornalista;2011;Terceirizado;18
Bruna das Neves;0087; 5.479.00;Motorista;2012;Estágio;13
Beatriz da Cruz;0088; 10.551.00;Recepcionista;2014;PJ;3
Alexandre Pinto;0089; 13.984.00;Engenheiro de Software;2020;CLT;4
Caroline Rodrigues;0090; 9.964.00;Coordenador de Projetos;2016;Terceirizado;11
Dra. Eduarda Gomes;0091; 14.273.00;Coordenador de Projetos;2017;Estágio;0
Enrico Nunes;0092; 11.652.00;Assistente Financeiro;2012;Autônomo;2
Lucas Sá;0093; 3.120.00;Auxiliar Administrativo;2011;Estágio;15
Dr. Vinicius Garcia;0094; 5.661.00;Bibliotecário;2024;CLT;7
Maria Laura Pacheco;0095; 2.131.00;Assistente Social;2021;Contrato Temporário;2
Davi Rocha;0096; 9.978.00;Analista de Sistemas;2020;PJ;18
Samuel da Paz;0097; 8.710.00;Gerente Financeiro;2013;CLT;5
Ana Júlia Abreu;0098; 4.389.00;Gerente Financeiro;2024;Estágio;8
Maria Alice da Cunha;0099; 5.628.00;Coordenador Pedagógico;2010;Autônomo;12
Ana Júlia Melo;0100; 11.791.00;Atendente;2016;Terceirizado;9
Dr. Valentim Marques;0101; 10.426.00;Assistente de RH;2017;PJ;12
Dr. Gustavo Henrique Macedo;0102; 9.391.00;Designer Gráfico;2023;Contrato Temporário;6
Bruno Albuquerque;0103; 15.787.00;Analista de RH;2025;Autônomo;20
Bárbara Martins;0104; 12.640.00;Enfermeiro;2026;MEI;18
Rebeca Montenegro;0105; 13.671.00;Bibliotecário;2025;MEI;1
Caleb Montenegro;0106; 8.799.00;Engenheiro Civil;2015;Terceirizado;2
Allana Duarte;0107; 2.402.00;Vendedor;2019;MEI;0
Leonardo Silveira;0108; 10.795.00;Engenheiro de Software;2025;PJ;10
Eduardo Dias;0109; 2.424.00;Coordenador de Projetos;2021;Contrato Temporário;7
Esther Mendonça;0110; 10.123.00;Auxiliar de Logística;2013;Terceirizado;13
Valentina Viana;0111; 9.774.00;Vendedor;2016;Autônomo;0
Leandro Marques;0112; 14.088.00;Assistente de RH;2013;Contrato Temporário;18
Melissa Vasconcelos;0113; 11.648.00;Analista de RH;2026;MEI;14
Alice Andrade;0114; 5.203.00;Gerente Financeiro;2020;Terceirizado;6
Dr. Theo Rios;0115; 5.344.00;Gerente Financeiro;2014;Contrato Temporário;10
Dom Dias;0116; 3.405.00;Operador de Caixa;2021;Contrato Temporário;18
Matheus Cassiano;0117; 1.894.00;Psicólogo;2022;Terceirizado;11
Daniela Souza;0118; 15.775.00;Recepcionista;2020;CLT;14
Henry Peixoto;0119; 10.323.00;Assistente Social;2020;Terceirizado;19
Enrico Porto;0120; 6.366.00;Recepcionista;2021;CLT;2
Nina Pacheco;0121; 8.143.00;Motorista;2019;Terceirizado;19
Ester da Rosa;0122; 9.994.00;Engenheiro de Software;2011;Terceirizado;7
Henrique Almeida;0123; 6.960.00;Contador;2019;Terceirizado;2
Heloísa Pacheco;0124; 8.315.00;Designer Gráfico;2016;CLT;15
Sra. Valentina Oliveira;0125; 3.563.00;Auxiliar Administrativo;2022;PJ;12
Cecília Jesus;0126; 1.558.00;Assistente Financeiro;2020;Estágio;8
Carlos Eduardo Pimenta;0127; 17.937.00;Engenheiro de Software;2015;Autônomo;0
Emanuel da Paz;0128; 11.039.00;Engenheiro Civil;2016;Contrato Temporário;1
Maitê Teixeira;0129; 2.092.00;Vendedor;2022;Contrato Temporário;0
Luiza da Luz;0130; 2.123.00;Engenheiro Civil;2016;CLT;20
Emanuelly Siqueira;0131; 4.432.00;Professor;2017;Contrato Temporário;6
Maria Gonçalves;0132; 12.070.00;Analista Contábil;2017;Contrato Temporário;1
Sra. Ana Liz Carvalho;0133; 4.327.00;Farmacêutico;2011;Autônomo;2
Vitor Gabriel Lima;0134; 17.792.00;Jornalista;2011;Estágio;19
Gustavo Vargas;0135; 3.647.00;Atendente;2017;Autônomo;2
Nathan da Cunha;0136; 6.249.00;Vendedor;2015;Terceirizado;19
Yago Novaes;0137; 17.722.00;Gerente Financeiro;2021;Autônomo;12
Rafaela Caldeira;0138; 9.461.00;Assistente de RH;2013;MEI;9
Rafael da Luz;0139; 13.914.00;Gerente de RH;2022;Terceirizado;16
Allana Lopes;0140; 15.495.00;Auxiliar Administrativo;2022;MEI;13
Noah Lima;0141; 7.277.00;Gerente Financeiro;2016;MEI;6
Cecilia Pimenta;0142; 11.345.00;Assistente de RH;2016;Estágio;10
Enzo da Rosa;0143; 13.542.00;Auxiliar Contábil;2015;CLT;15
Erick Dias;0144; 16.642.00;Atendente;2025;PJ;8
Maria Vitória Rezende;0145; 16.948.00;Analista de RH;2016;Autônomo;1
Srta. Maysa Novaes;0146; 13.035.00;Assistente Social;2021;Contrato Temporário;13
Enzo Cavalcanti;0147; 3.007.00;Secretário;2020;MEI;14
Alice da Mata;0148; 1.916.00;Psicólogo;2015;Estágio;13
Clara Azevedo;0149; 15.890.00;Médico;2018;Terceirizado;17
Benjamin Andrade;0150; 8.992.00;Auxiliar Administrativo;2013;Autônomo;9
Daniel Camargo;0151; 15.884.00;Professor;2016;PJ;16
Pedro Miguel Almeida;0152; 16.964.00;Bibliotecário;2021;Autônomo;3
Juliana Cassiano;0153; 4.784.00;Professor;2015;Terceirizado;19
Asafe Ribeiro;0154; 16.875.00;Engenheiro de Software;2020;Autônomo;4
Rafaela Almeida;0155; 2.409.00;Analista de Sistemas;2023;Contrato Temporário;1
Rafaela Lima;0156; 2.136.00;Atendente;2024;MEI;12
Srta. Caroline Novais;0157; 2.485.00;Auxiliar Administrativo;2020;MEI;13
Srta. Laura Cirino;0158; 11.881.00;Coordenador de Projetos;2012;Autônomo;19
Sra. Sarah Ribeiro;0159; 12.720.00;Designer Gráfico;2019;CLT;4
Esther Cassiano;0160; 3.212.00;Assistente Social;2025;Autônomo;1
Davi Nascimento;0161; 4.635.00;Secretário;2024;Estágio;19
Eloah Pacheco;0162; 5.485.00;Analista Contábil;2010;Contrato Temporário;5
José Aparecida;0163; 10.808.00;Pesquisador;2022;CLT;14
Maria Helena das Neves;0164; 12.120.00;Bibliotecário;2010;Estágio;3
Thales Moreira;0165; 6.590.00;Desenvolvedor;2026;PJ;14
Dr. Henry Santos;0166; 13.073.00;Operador de Caixa;2010;Terceirizado;0
Antonella Machado;0167; 12.995.00;Farmacêutico;2025;CLT;14
Dom Pacheco;0168; 12.214.00;Gerente Financeiro;2011;Contrato Temporário;19
Bruna Novaes;0169; 13.654.00;Coordenador Pedagógico;2021;Autônomo;1
Arthur Azevedo;0170; 8.879.00;Recepcionista;2024;Autônomo;19
Liam Nunes;0171; 6.783.00;Enfermeiro;2016;Contrato Temporário;17
Lorenzo Ramos;0172; 12.562.00;Auxiliar Administrativo;2011;Contrato Temporário;2
Bryan Ramos;0173; 17.885.00;Técnico de Informática;2025;Estágio;12
Aylla Melo;0174; 5.614.00;Farmacêutico;2019;PJ;20
Dr. Lucas Lima;0175; 3.496.00;Coordenador de Projetos;2019;PJ;6
Agatha Pinto;0176; 16.183.00;Analista Administrativo;2019;Contrato Temporário;5
Bianca Barbosa;0177; 1.560.00;Bibliotecário;2021;Autônomo;5
Mariana Cavalcante;0178; 14.129.00;Bibliotecário;2012;Terceirizado;20
João Gabriel Rezende;0179; 7.408.00;Motorista;2019;CLT;13
Srta. Aurora Vargas;0180; 11.196.00;Engenheiro Civil;2010;CLT;16
João Gabriel da Rosa;0181; 15.760.00;Médico;2017;Estágio;16
Julia Vasconcelos;0182; 3.455.00;Jornalista;2021;MEI;15
Manuella Machado;0183; 10.610.00;Assistente de RH;2021;PJ;2
Maria Julia Rezende;0184; 2.220.00;Assistente Financeiro;2013;MEI;7
Sophia da Rocha;0185; 8.508.00;Professor;2013;Terceirizado;9
Alexia Leão;0186; 6.648.00;Jornalista;2016;Terceirizado;19
Henrique Rezende;0187; 2.895.00;Pesquisador;2016;Estágio;8
Arthur Miguel Pacheco;0188; 4.278.00;Atendente;2013;PJ;7
Otávio Rodrigues;0189; 14.888.00;Atendente;2018;Estágio;15
Léo Lima;0190; 5.267.00;Vendedor;2020;CLT;13
Carlos Eduardo Garcia;0191; 6.872.00;Analista Administrativo;2021;Autônomo;6
Antony da Mata;0192; 1.744.00;Analista Administrativo;2010;Contrato Temporário;20
Ana Beatriz Siqueira;0193; 3.031.00;Assistente Social;2014;Terceirizado;14
Sra. Maria Helena Montenegro;0194; 5.658.00;Engenheiro Civil;2020;Autônomo;19
Bruno da Rosa;0195; 7.048.00;Técnico de Informática;2020;PJ;11
Alícia Pires;0196; 10.180.00;Auxiliar de Logística;2013;CLT;10
João Vitor Azevedo;0197; 13.944.00;Enfermeiro;2011;Autônomo;4
Carolina Rodrigues;0198; 3.531.00;Psicólogo;2014;Terceirizado;0
Allana Pimenta;0199; 7.573.00;Médico;2020;Terceirizado;17
Thiago Ferreira;0200; 11.585.00;Bibliotecário;2012;Autônomo;9
Júlia Montenegro;0201; 4.195.00;Contador;2011;CLT;7
Antônio Oliveira;0202; 12.026.00;Contador;2012;Terceirizado;11
Evelyn Ribeiro;0203; 14.840.00;Motorista;2018;Terceirizado;16
Thales Aragão;0204; 17.745.00;Psicólogo;2013;Contrato Temporário;8
Bruna da Conceição;0205; 15.902.00;Recepcionista;2015;Terceirizado;3
Srta. Rafaela Mendonça;0206; 10.164.00;Assistente Social;2024;Terceirizado;13
Isis da Conceição;0207; 5.286.00;Assistente Social;2014;Autônomo;2
Manuela Almeida;0208; 3.078.00;Auxiliar de Logística;2017;CLT;0
Nina Farias;0209; 1.545.00;Desenvolvedor;2012;Autônomo;2
Sara Cavalcante;0210; 6.516.00;Professor;2014;Estágio;14
Arthur Freitas;0211; 16.669.00;Engenheiro de Software;2020;CLT;11
Evelyn Jesus;0212; 12.972.00;Coordenador de Projetos;2013;PJ;11
Amanda Martins;0213; 13.088.00;Farmacêutico;2012;Autônomo;3
Noah Souza;0214; 11.697.00;Coordenador de Projetos;2012;Terceirizado;10
João Gabriel Melo;0215; 11.614.00;Desenvolvedor;2022;CLT;7
Ana Laura Lima;0216; 8.598.00;Analista Contábil;2013;MEI;6
Juan Câmara;0217; 4.607.00;Analista de RH;2019;CLT;15
Brayan Costela;0218; 5.124.00;Analista de RH;2022;CLT;8
Luiz Gustavo Farias;0219; 5.605.00;Assistente de RH;2012;Estágio;10
Leandro Sousa;0220; 11.170.00;Secretário;2024;MEI;18
Ana Clara Rocha;0221; 8.449.00;Auxiliar Administrativo;2019;Autônomo;15
Eloá Rezende;0222; 3.523.00;Engenheiro de Software;2024;Terceirizado;2
Mirella Macedo;0223; 12.082.00;Analista de RH;2026;Contrato Temporário;12
Paulo Machado;0224; 10.589.00;Auxiliar Contábil;2011;CLT;6
Sr. Augusto Montenegro;0225; 15.407.00;Designer Gráfico;2013;Contrato Temporário;14
Cauê Cunha;0226; 14.714.00;Professor;2024;Autônomo;17
Daniela Rodrigues;0227; 5.139.00;Técnico de Informática;2022;PJ;18
Noah Vargas;0228; 17.187.00;Operador de Caixa;2021;PJ;5
Liam Cirino;0229; 4.882.00;Vendedor;2012;Terceirizado;8
Apollo Gonçalves;0230; 9.551.00;Técnico de Informática;2012;MEI;15
Marina Rios;0231; 2.945.00;Jornalista;2013;MEI;18
Ágatha Pimenta;0232; 2.273.00;Auxiliar Administrativo;2020;PJ;18
Pedro Miguel Cardoso;0233; 16.455.00;Analista de Sistemas;2015;PJ;2
Vinicius Barros;0234; 9.092.00;Analista de Sistemas;2013;Contrato Temporário;14
Murilo Marques;0235; 6.577.00;Analista de Sistemas;2022;PJ;4
Eduardo Farias;0236; 14.076.00;Psicólogo;2026;CLT;9
Sra. Larissa Cassiano;0237; 14.961.00;Analista de Sistemas;2024;Estágio;14
Fernando Souza;0238; 2.297.00;Analista de Sistemas;2012;Autônomo;2
Alícia Nogueira;0239; 9.050.00;Engenheiro Civil;2014;Terceirizado;12
Alícia da Cruz;0240; 16.948.00;Analista Administrativo;2021;Autônomo;1
Giovanna Cavalcante;0241; 5.657.00;Jornalista;2018;CLT;19
Ravi da Conceição;0242; 7.200.00;Auxiliar de Logística;2020;Contrato Temporário;14
Sra. Hadassa Pastor;0243; 12.358.00;Engenheiro de Software;2018;PJ;0
Noah Brito;0244; 3.210.00;Operador de Caixa;2023;CLT;1
Ana Lívia Lima;0245; 4.359.00;Analista Contábil;2012;CLT;12
Srta. Stephany Camargo;0246; 2.442.00;Farmacêutico;2018;Terceirizado;3
Luana da Luz;0247; 6.872.00;Secretário;2023;CLT;0
Maria Luísa Oliveira;0248; 2.714.00;Auxiliar Administrativo;2019;PJ;2
Benicio Duarte;0249; 11.128.00;Coordenador de Projetos;2017;Estágio;13
Enzo Gabriel Gonçalves;0250; 8.074.00;Motorista;2012;PJ;1
Agatha Albuquerque;0251; 3.883.00;Técnico de Informática;2018;CLT;3
Sr. Nathan Pimenta;0252; 17.978.00;Professor;2020;MEI;0
Dr. Yago Teixeira;0253; 5.762.00;Jornalista;2025;Autônomo;6
Daniel da Cruz;0254; 14.706.00;Coordenador de Projetos;2018;CLT;15
Pietro Pastor;0255; 8.018.00;Recepcionista;2022;Estágio;7
João Guilherme da Costa;0256; 11.315.00;Secretário;2018;PJ;17
Dr. Vitor Hugo Castro;0257; 10.388.00;Auxiliar de Logística;2017;Terceirizado;14
Heloisa Pacheco;0258; 17.947.00;Assistente Social;2010;Terceirizado;19
Luiz Miguel Rezende;0259; 15.022.00;Engenheiro Civil;2018;Terceirizado;10
Vitor Gabriel Pacheco;0260; 12.971.00;Assistente de RH;2010;Contrato Temporário;3
Vitor Albuquerque;0261; 14.020.00;Coordenador de Projetos;2018;CLT;16
Heloísa da Costa;0262; 13.051.00;Supervisor de Vendas;2011;CLT;13
Ana Julia Cunha;0263; 12.287.00;Gerente de RH;2010;PJ;20
Pedro Henrique Abreu;0264; 4.071.00;Analista Administrativo;2013;Estágio;13
João Rezende;0265; 11.509.00;Analista Contábil;2026;CLT;7
Anthony Gabriel da Mota;0266; 6.550.00;Psicólogo;2019;Terceirizado;5
Miguel Silveira;0267; 5.588.00;Coordenador de Projetos;2011;MEI;17
Srta. Evelyn Aragão;0268; 13.936.00;Gerente de RH;2020;PJ;3
Lorenzo Pimenta;0269; 10.103.00;Desenvolvedor;2026;Autônomo;14
Otto Albuquerque;0270; 16.571.00;Assistente Financeiro;2025;Estágio;6
João Felipe Teixeira;0271; 2.753.00;Pesquisador;2011;Terceirizado;15
Luana Jesus;0272; 5.232.00;Auxiliar Contábil;2019;Estágio;4
Elisa Novais;0273; 6.846.00;Vendedor;2023;Autônomo;7
Gael Henrique Viana;0274; 3.961.00;Designer Gráfico;2010;CLT;1
Sr. Juan Andrade;0275; 16.169.00;Atendente;2023;MEI;1
Agatha Alves;0276; 10.358.00;Operador de Caixa;2018;PJ;10
Joaquim Ribeiro;0277; 5.158.00;Bibliotecário;2026;Contrato Temporário;0
Isabella Aparecida;0278; 3.219.00;Analista de RH;2025;Autônomo;7
Gael Siqueira;0279; 12.592.00;Gerente Financeiro;2021;CLT;6
Anthony Abreu;0280; 10.410.00;Gerente de RH;2010;MEI;14
Srta. Lara da Rosa;0281; 9.491.00;Contador;2016;CLT;2
Eduardo Costa;0282; 11.063.00;Operador de Caixa;2024;Terceirizado;5
Ester das Neves;0283; 5.954.00;Analista Contábil;2013;Estágio;14
Dr. Vinícius Sales;0284; 10.841.00;Assistente Social;2021;Estágio;19
Ana Júlia Lima;0285; 5.570.00;Farmacêutico;2020;MEI;11
Ana Laura Brito;0286; 17.692.00;Médico;2012;Terceirizado;3
Larissa Nascimento;0287; 16.968.00;Analista Administrativo;2015;MEI;19
Dr. Caio Gonçalves;0288; 10.550.00;Coordenador de Projetos;2014;Terceirizado;7
Mariana Silveira;0289; 9.584.00;Gerente Financeiro;2018;CLT;15
Davi Miguel Cunha;0290; 1.535.00;Farmacêutico;2025;PJ;10
Sr. Luiz Miguel Araújo;0291; 11.923.00;Motorista;2015;MEI;14
Igor Mendes;0292; 11.999.00;Designer Gráfico;2019;Contrato Temporário;7
Heloísa Garcia;0293; 16.303.00;Assistente Financeiro;2019;CLT;2
Valentim da Conceição;0294; 7.306.00;Supervisor de Vendas;2025;Terceirizado;20
Dra. Olivia Costela;0295; 5.963.00;Vendedor;2021;MEI;18
Zoe Vasconcelos;0296; 4.690.00;Assistente Social;2025;MEI;18
Sr. Anthony Silva;0297; 16.134.00;Auxiliar Contábil;2023;MEI;0
Igor da Mota;0298; 8.724.00;Vendedor;2022;Terceirizado;12
Maria Eduarda Teixeira;0299; 6.030.00;Enfermeiro;2016;Terceirizado;4
Esther Rodrigues;0300; 6.425.00;Farmacêutico;2022;Terceirizado;2
Maria Isis Macedo;0301; 14.827.00;Analista de RH;2023;CLT;19
Marcos Vinicius Rocha;0302; 13.115.00;Analista Administrativo;2015;Terceirizado;3
Brayan Costa;0303; 11.835.00;Engenheiro de Software;2013;MEI;8
Alícia da Cunha;0304; 16.552.00;Médico;2015;Autônomo;5
Theodoro da Mota;0305; 11.526.00;Operador de Caixa;2011;Autônomo;10
Lucas Gabriel Pinto;0306; 13.294.00;Motorista;2015;CLT;20
Srta. Bruna da Rosa;0307; 11.459.00;Analista de RH;2014;Autônomo;5
Mariane Vieira;0308; 4.535.00;Designer Gráfico;2014;PJ;19
Mariah Castro;0309; 9.318.00;Professor;2010;CLT;20
Sara Duarte;0310; 10.267.00;Assistente Financeiro;2024;Contrato Temporário;9
Dr. Yago Nascimento;0311; 3.018.00;Supervisor de Vendas;2018;Terceirizado;9
Luiz Miguel Barbosa;0312; 16.924.00;Gerente de RH;2024;PJ;18
Aylla da Conceição;0313; 12.564.00;Jornalista;2015;Terceirizado;15
Nicolas Vieira;0314; 9.270.00;Engenheiro Civil;2011;Contrato Temporário;18
Maria Silva;0315; 6.097.00;Enfermeiro;2026;Contrato Temporário;4
Sr. Luiz Fernando Santos;0316; 8.825.00;Operador de Caixa;2021;Contrato Temporário;4
José Miguel Barros;0317; 16.681.00;Engenheiro de Software;2021;PJ;9
Ana Júlia Mendes;0318; 9.315.00;Gerente Financeiro;2018;Autônomo;3
Brenda Araújo;0319; 11.446.00;Supervisor de Vendas;2014;Autônomo;7
Josué Lima;0320; 11.281.00;Vendedor;2021;Contrato Temporário;8
Dr. Carlos Eduardo Câmara;0321; 8.269.00;Vendedor;2014;Estágio;19
Mirella Sales;0322; 14.139.00;Auxiliar Administrativo;2022;PJ;14
Luigi Alves;0323; 5.027.00;Coordenador de Projetos;2014;PJ;1
Ana Júlia Novaes;0324; 7.235.00;Médico;2025;Estágio;12
Antonella Farias;0325; 10.531.00;Gerente de RH;2023;Estágio;1
Maria Eduarda Moreira;0326; 8.183.00;Engenheiro Civil;2024;Contrato Temporário;20
Júlia Camargo;0327; 10.608.00;Secretário;2012;PJ;12
Lunna Lima;0328; 17.004.00;Auxiliar Contábil;2013;Autônomo;7
Sofia Macedo;0329; 11.471.00;Recepcionista;2019;Contrato Temporário;8
Dr. Davi Lucas Nascimento;0330; 6.216.00;Analista de RH;2019;Contrato Temporário;9
Davi Lucca Cirino;0331; 6.333.00;Operador de Caixa;2024;Contrato Temporário;13
Diego Vargas;0332; 9.708.00;Vendedor;2023;PJ;2
Davi Nogueira;0333; 2.912.00;Coordenador de Projetos;2011;PJ;13
Liz Ramos;0334; 13.609.00;Desenvolvedor;2021;Autônomo;9
Rebeca Moraes;0335; 3.259.00;Analista Administrativo;2026;MEI;20
Miguel Castro;0336; 10.292.00;Psicólogo;2021;MEI;13
Anna Liz Costela;0337; 5.890.00;Gerente Financeiro;2012;Contrato Temporário;19
Joana Monteiro;0338; 11.388.00;Professor;2016;CLT;6
Clarice da Costa;0339; 4.768.00;Farmacêutico;2016;PJ;6
Ravi Pacheco;0340; 12.083.00;Gerente de RH;2016;Autônomo;0
Luiz Gustavo Mendes;0341; 7.074.00;Coordenador de Projetos;2021;Autônomo;14
Danilo Moreira;0342; 6.716.00;Motorista;2022;Autônomo;15
Luiz Fernando Vieira;0343; 6.062.00;Gerente de RH;2011;Autônomo;12
Vicente Sales;0344; 8.338.00;Vendedor;2026;Terceirizado;5
Emanuelly Pinto;0345; 5.670.00;Motorista;2018;PJ;17
Luigi Rodrigues;0346; 13.287.00;Desenvolvedor;2015;MEI;11
Sr. Kaique Câmara;0347; 15.810.00;Motorista;2022;CLT;14
Henrique da Cruz;0348; 4.675.00;Operador de Caixa;2013;Terceirizado;18
Bella Nogueira;0349; 11.348.00;Analista Contábil;2018;Contrato Temporário;19
Isis Novaes;0350; 7.657.00;Gerente de RH;2012;Contrato Temporário;18
Maitê da Cruz;0351; 13.220.00;Designer Gráfico;2015;CLT;6
Gabriela Camargo;0352; 2.531.00;Analista de RH;2021;MEI;4
Dom Ribeiro;0353; 8.549.00;Coordenador de Projetos;2012;Terceirizado;6
Catarina Teixeira;0354; 6.913.00;Jornalista;2012;PJ;6
Davi Lucca Leão;0355; 4.480.00;Motorista;2011;Estágio;1
Henrique Câmara;0356; 9.176.00;Engenheiro Civil;2020;Terceirizado;16
Sarah Azevedo;0357; 7.407.00;Auxiliar Contábil;2014;PJ;7
Dr. João Machado;0358; 6.711.00;Farmacêutico;2014;Terceirizado;14
Aurora Ferreira;0359; 10.884.00;Secretário;2021;Terceirizado;9
Ana Vitória Castro;0360; 2.135.00;Analista Administrativo;2023;MEI;6
Breno Sales;0361; 7.461.00;Designer Gráfico;2022;Contrato Temporário;9
Dra. Hellena Dias;0362; 3.439.00;Pesquisador;2013;CLT;4
Bento Dias;0363; 5.604.00;Analista Contábil;2010;CLT;7
Theodoro Campos;0364; 6.219.00;Enfermeiro;2010;Contrato Temporário;20
Dr. Josué Sá;0365; 14.886.00;Analista de Sistemas;2022;PJ;10
Agatha Guerra;0366; 7.021.00;Bibliotecário;2013;Estágio;3
Larissa Araújo;0367; 15.219.00;Coordenador de Projetos;2014;MEI;8
Lorenzo da Rosa;0368; 17.303.00;Bibliotecário;2013;CLT;5
Srta. Ana Cecília Mendonça;0369; 16.165.00;Assistente de RH;2017;Estágio;19
Henry Gabriel Alves;0370; 6.497.00;Jornalista;2022;Terceirizado;3
André da Rosa;0371; 5.521.00;Desenvolvedor;2012;CLT;13
Dante Porto;0372; 10.179.00;Motorista;2015;PJ;11
Vitor da Rosa;0373; 3.572.00;Operador de Caixa;2026;Autônomo;1
Maria Cecília Silveira;0374; 4.703.00;Operador de Caixa;2020;Contrato Temporário;4
Lívia Dias;0375; 11.883.00;Recepcionista;2014;PJ;10
Leandro Siqueira;0376; 10.414.00;Analista de RH;2024;MEI;2
Alana Araújo;0377; 3.875.00;Engenheiro de Software;2015;Terceirizado;12
Clarice Pires;0378; 4.735.00;Coordenador Pedagógico;2025;Autônomo;2
Evelyn Teixeira;0379; 8.038.00;Assistente Social;2024;Contrato Temporário;19
Sr. Carlos Eduardo Alves;0380; 17.299.00;Analista Administrativo;2026;Estágio;3
Sra. Isabelly Mendonça;0381; 2.916.00;Auxiliar Contábil;2024;Contrato Temporário;18
Sr. Vicente Camargo;0382; 6.177.00;Vendedor;2012;Terceirizado;11
Henry Porto;0383; 6.462.00;Analista de Sistemas;2014;CLT;17
Mariana Almeida;0384; 17.395.00;Recepcionista;2010;CLT;9
Sr. Lucas Machado;0385; 11.409.00;Gerente Financeiro;2022;Terceirizado;18
Ana Vitória Vasconcelos;0386; 5.700.00;Médico;2023;PJ;11
Daniel da Paz;0387; 16.074.00;Psicólogo;2013;Contrato Temporário;12
Emilly Silveira;0388; 11.054.00;Designer Gráfico;2025;PJ;10
Maria Clara Duarte;0389; 6.550.00;Analista de Sistemas;2010;Estágio;13
Ana Cecília Jesus;0390; 7.086.00;Analista Administrativo;2014;MEI;10
Sr. Arthur Barbosa;0391; 15.248.00;Supervisor de Vendas;2026;MEI;4
Alana Moraes;0392; 2.800.00;Secretário;2013;Estágio;3
Pietra Ribeiro;0393; 6.450.00;Professor;2012;Terceirizado;2
Antonella Cavalcante;0394; 14.409.00;Engenheiro Civil;2018;CLT;10
Beatriz Pereira;0395; 8.794.00;Assistente Financeiro;2015;Autônomo;1
Apollo Macedo;0396; 3.227.00;Atendente;2018;Contrato Temporário;19
Melissa da Cunha;0397; 15.563.00;Assistente Financeiro;2011;Autônomo;15
Dra. Ágatha Camargo;0398; 9.712.00;Analista Administrativo;2017;Terceirizado;7
Sara da Paz;0399; 3.238.00;Psicólogo;2019;Estágio;9
Renan Correia;0400; 13.880.00;Recepcionista;2013;Contrato Temporário;14
Bárbara Farias;0401; 4.515.00;Gerente de RH;2024;Estágio;13
Hellena Câmara;0402; 11.526.00;Gerente Financeiro;2013;Estágio;0
Sarah Ribeiro;0403; 5.300.00;Engenheiro Civil;2026;Estágio;20
Alice Gomes;0404; 2.965.00;Coordenador de Projetos;2012;Contrato Temporário;10
Camila Monteiro;0405; 2.592.00;Engenheiro de Software;2026;PJ;13
Yago da Cunha;0406; 15.384.00;Analista Administrativo;2020;PJ;6
Maria Alice da Rosa;0407; 4.181.00;Secretário;2019;Estágio;14
Lorena Peixoto;0408; 5.227.00;Técnico de Informática;2023;PJ;7
Samuel Farias;0409; 5.111.00;Atendente;2025;MEI;14
Ana Clara Cardoso;0410; 7.578.00;Auxiliar de Logística;2017;Estágio;3
Matheus Duarte;0411; 2.459.00;Auxiliar Contábil;2013;Estágio;0
Luna Costela;0412; 2.457.00;Recepcionista;2012;MEI;14
Dra. Bárbara Lima;0413; 14.702.00;Secretário;2011;CLT;11
Vinicius Fogaça;0414; 14.717.00;Professor;2025;MEI;16
Sr. Oliver Novais;0415; 7.147.00;Auxiliar Contábil;2011;PJ;17
Dra. Bella Caldeira;0416; 8.627.00;Recepcionista;2018;Terceirizado;9
Théo Barbosa;0417; 16.442.00;Designer Gráfico;2024;Terceirizado;17
Agatha das Neves;0418; 4.669.00;Contador;2025;Autônomo;14
Murilo da Mota;0419; 5.856.00;Gerente de RH;2012;Estágio;15
Pietro das Neves;0420; 7.119.00;Vendedor;2010;Terceirizado;17
Lavínia Vieira;0421; 12.258.00;Contador;2021;Contrato Temporário;15
Caleb Lopes;0422; 1.529.00;Atendente;2025;MEI;0
Isabelly Sales;0423; 2.171.00;Atendente;2026;Autônomo;6
Sabrina Moura;0424; 13.311.00;Supervisor de Vendas;2020;Contrato Temporário;13
Cecília Martins;0425; 15.546.00;Supervisor de Vendas;2018;PJ;18
Calebe Câmara;0426; 14.469.00;Analista de Sistemas;2015;Contrato Temporário;20
Srta. Juliana Mendes;0427; 15.823.00;Médico;2020;PJ;10
Rhavi Moura;0428; 17.080.00;Jornalista;2014;MEI;5
Dra. Caroline Dias;0429; 17.168.00;Auxiliar de Logística;2015;PJ;12
Pedro Henrique da Costa;0430; 4.975.00;Gerente Financeiro;2012;CLT;6
Luigi Rocha;0431; 2.469.00;Auxiliar Administrativo;2010;PJ;0
Leonardo da Mota;0432; 11.050.00;Médico;2016;CLT;2
Murilo Teixeira;0433; 16.039.00;Professor;2026;Autônomo;9
Sr. Gael Henrique Duarte;0434; 5.431.00;Pesquisador;2025;CLT;13
Isaac Cardoso;0435; 4.113.00;Auxiliar Administrativo;2026;CLT;1
Laís Souza;0436; 11.574.00;Coordenador de Projetos;2022;PJ;0
Sra. Ana Moura;0437; 2.347.00;Analista de Sistemas;2022;PJ;1
Léo Peixoto;0438; 17.542.00;Assistente Financeiro;2014;MEI;11
Catarina Mendonça;0439; 1.840.00;Contador;2018;Estágio;6
Ágatha Costa;0440; 7.580.00;Professor;2019;Autônomo;5
Vitor da Cruz;0441; 9.797.00;Recepcionista;2021;Terceirizado;7
Srta. Agatha Aragão;0442; 16.676.00;Analista de RH;2026;Terceirizado;20
Lorena Martins;0443; 11.871.00;Auxiliar Administrativo;2025;Terceirizado;6
Benjamin Dias;0444; 12.085.00;Jornalista;2020;Estágio;9
Manuela Nunes;0445; 13.419.00;Designer Gráfico;2025;Contrato Temporário;4
Juan Sampaio;0446; 8.315.00;Bibliotecário;2018;PJ;18
Théo Peixoto;0447; 5.474.00;Engenheiro Civil;2021;MEI;11
Lorena Silveira;0448; 11.537.00;Farmacêutico;2023;Terceirizado;15
Elisa Ramos;0449; 10.946.00;Engenheiro de Software;2024;MEI;8
Clara Moreira;0450; 16.829.00;Médico;2025;CLT;1
Francisco Aparecida;0451; 13.594.00;Gerente Financeiro;2016;Contrato Temporário;4
Nathan Borges;0452; 3.518.00;Bibliotecário;2026;Terceirizado;8
Gabriela Teixeira;0453; 7.562.00;Secretário;2024;Estágio;15
Cecilia Rodrigues;0454; 9.596.00;Engenheiro Civil;2021;Contrato Temporário;15
Felipe Ramos;0455; 17.150.00;Operador de Caixa;2023;Estágio;17
Calebe Moreira;0456; 11.094.00;Técnico de Informática;2022;Contrato Temporário;1
Marcelo Cavalcanti;0457; 10.473.00;Assistente Social;2013;MEI;6
Arthur Gabriel Mendes;0458; 3.852.00;Secretário;2013;PJ;13
Maria Cecília Aparecida;0459; 9.290.00;Analista de Sistemas;2025;Contrato Temporário;19
Evelyn Sales;0460; 16.416.00;Contador;2011;MEI;20
Luiza Leão;0461; 13.910.00;Secretário;2015;PJ;13
Dr. Henry Nogueira;0462; 11.614.00;Engenheiro de Software;2023;MEI;6
Evelyn Nunes;0463; 13.854.00;Analista Contábil;2024;Contrato Temporário;0
Mathias Camargo;0464; 1.802.00;Designer Gráfico;2017;Autônomo;10
Manuella Duarte;0465; 16.733.00;Gerente Financeiro;2020;Terceirizado;20
Rodrigo Gomes;0466; 1.670.00;Engenheiro Civil;2010;PJ;19
Rafaela Rodrigues;0467; 14.235.00;Recepcionista;2012;Autônomo;17
Isabel Dias;0468; 9.249.00;Assistente de RH;2026;PJ;3
Luara Cirino;0469; 5.864.00;Assistente de RH;2010;Estágio;12
Luísa Barros;0470; 13.210.00;Médico;2017;MEI;1
Sarah Gomes;0471; 11.478.00;Auxiliar de Logística;2018;Estágio;3
Daniel Rios;0472; 7.364.00;Engenheiro de Software;2025;Autônomo;13
Mathias Barbosa;0473; 2.199.00;Engenheiro Civil;2018;Terceirizado;0
Allana Castro;0474; 5.962.00;Auxiliar Contábil;2011;Autônomo;4
Valentim Pimenta;0475; 2.576.00;Motorista;2013;Contrato Temporário;10
Breno Casa Grande;0476; 6.502.00;Analista de Sistemas;2011;Autônomo;15
Sr. João Miguel da Luz;0477; 14.597.00;Assistente Social;2011;MEI;8
Maria Júlia Lima;0478; 17.640.00;Psicólogo;2026;Terceirizado;11
Sr. Felipe Fonseca;0479; 11.572.00;Operador de Caixa;2022;MEI;20
Théo Casa Grande;0480; 4.773.00;Motorista;2012;Autônomo;17
João Guilherme Câmara;0481; 15.796.00;Atendente;2026;Terceirizado;0
Bento Moraes;0482; 14.053.00;Analista de Sistemas;2020;MEI;10
Dr. Ravi Lucca Almeida;0483; 6.629.00;Psicólogo;2026;Autônomo;12
Caleb Leão;0484; 12.914.00;Gerente de RH;2020;CLT;1
Diego Marques;0485; 16.200.00;Desenvolvedor;2019;CLT;12
Caroline Moraes;0486; 1.524.00;Vendedor;2026;PJ;4
Rafael Jesus;0487; 13.054.00;Gerente de RH;2018;MEI;12
João Pedro da Cruz;0488; 13.930.00;Gerente de RH;2021;Autônomo;16
Júlia Freitas;0489; 17.226.00;Supervisor de Vendas;2022;MEI;8
Marcos Vinicius Peixoto;0490; 1.672.00;Secretário;2010;Autônomo;3
Luiz Otávio Pinto;0491; 14.185.00;Secretário;2013;Terceirizado;5
Ísis Novaes;0492; 13.996.00;Jornalista;2017;PJ;5
Ravy das Neves;0493; 15.241.00;Analista Administrativo;2021;CLT;2
Sr. Luiz Otávio da Rocha;0494; 16.654.00;Vendedor;2016;Estágio;2
Lavínia da Cunha;0495; 5.697.00;Assistente de RH;2017;Autônomo;19
Cecília Nunes;0496; 12.805.00;Auxiliar de Logística;2017;Estágio;9
Isis Cunha;0497; 10.642.00;Analista Administrativo;2016;Autônomo;3
Eloá Jesus;0498; 14.060.00;Assistente Financeiro;2017;Autônomo;14
Luiza Rodrigues;0499; 12.923.00;Assistente Financeiro;2023;Estágio;12
Jade Gomes;0500; 5.594.00;Psicólogo;2011;Autônomo;8
Breno Oliveira;0501; 5.135.00;Psicólogo;2011;Estágio;4
Levi Ramos;0502; 10.163.00;Analista de RH;2013;Autônomo;5
Liz Campos;0503; 7.765.00;Gerente Financeiro;2021;Autônomo;0
Kevin Cunha;0504; 3.257.00;Assistente de RH;2019;Autônomo;17
Cauê da Rocha;0505; 16.089.00;Gerente Financeiro;2014;CLT;15
Srta. Ana Beatriz Cardoso;0506; 2.747.00;Engenheiro de Software;2017;PJ;20
Rhavi Cavalcante;0507; 15.352.00;Designer Gráfico;2018;Estágio;13
Henry da Conceição;0508; 1.605.00;Coordenador Pedagógico;2026;Autônomo;9
Luísa Vieira;0509; 11.192.00;Auxiliar Contábil;2015;Autônomo;18
Davi Lucca Andrade;0510; 15.839.00;Analista Administrativo;2022;Estágio;20
João Vitor Mendonça;0511; 12.345.00;Pesquisador;2019;Estágio;7
Dr. Pedro Lucas Farias;0512; 8.998.00;Auxiliar de Logística;2011;Contrato Temporário;6
Sra. Sophie Pacheco;0513; 16.638.00;Analista Contábil;2022;Contrato Temporário;19
Dr. Davi Luiz Barros;0514; 2.064.00;Jornalista;2011;MEI;17
Antonella Câmara;0515; 3.487.00;Motorista;2010;PJ;5
Carlos Eduardo Almeida;0516; 11.631.00;Jornalista;2024;Autônomo;2
Anthony Gabriel da Costa;0517; 3.777.00;Pesquisador;2019;Contrato Temporário;4
Sr. Lucca Gonçalves;0518; 4.747.00;Contador;2013;Autônomo;15
Carlos Eduardo Moraes;0519; 4.027.00;Contador;2010;Estágio;1
Bernardo Rodrigues;0520; 14.081.00;Operador de Caixa;2010;Contrato Temporário;8
Joaquim Martins;0521; 17.151.00;Analista Contábil;2025;MEI;6
Lavínia Campos;0522; 14.365.00;Auxiliar Contábil;2016;PJ;7
Sr. Pedro da Mata;0523; 4.772.00;Atendente;2015;PJ;0
Levi Ribeiro;0524; 8.208.00;Designer Gráfico;2016;Autônomo;1
Heloisa Melo;0525; 11.627.00;Farmacêutico;2013;PJ;10
Helena Siqueira;0526; 6.935.00;Analista Contábil;2015;CLT;4
Dr. Lorenzo Rodrigues;0527; 7.396.00;Auxiliar de Logística;2010;Terceirizado;18
Apollo Nunes;0528; 16.401.00;Gerente Financeiro;2022;PJ;11
Ísis Camargo;0529; 10.865.00;Gerente de RH;2014;Estágio;14
Luara Macedo;0530; 9.067.00;Médico;2026;MEI;13
Maria Vitória Cassiano;0531; 1.890.00;Assistente Social;2022;Contrato Temporário;12
Maria Liz Melo;0532; 8.403.00;Coordenador de Projetos;2024;CLT;7
Guilherme Cavalcanti;0533; 8.072.00;Analista Administrativo;2013;Terceirizado;9
Camila Nascimento;0534; 8.027.00;Recepcionista;2017;MEI;11
Liam Oliveira;0535; 5.729.00;Recepcionista;2022;Contrato Temporário;14
Dra. Gabriela da Costa;0536; 8.268.00;Pesquisador;2017;Contrato Temporário;19
Maya Lopes;0537; 4.252.00;Psicólogo;2022;Estágio;2
Theo Novais;0538; 15.755.00;Auxiliar Administrativo;2012;Contrato Temporário;13
Ester Pastor;0539; 15.633.00;Designer Gráfico;2014;PJ;19
Sr. Felipe Cirino;0540; 12.293.00;Assistente de RH;2011;Autônomo;1
Nicolas Silva;0541; 6.925.00;Engenheiro de Software;2014;Estágio;7
Maria Alice Albuquerque;0542; 5.118.00;Assistente Financeiro;2025;PJ;14
Dr. Dante Jesus;0543; 13.082.00;Motorista;2017;Estágio;7
Lara Silva;0544; 11.431.00;Coordenador Pedagógico;2020;PJ;10
Vinicius Correia;0545; 9.565.00;Pesquisador;2017;Estágio;5
Emanuelly Moreira;0546; 13.890.00;Auxiliar Contábil;2014;PJ;19
Sra. Beatriz Castro;0547; 12.299.00;Auxiliar de Logística;2025;Terceirizado;18
Julia Peixoto;0548; 9.194.00;Pesquisador;2015;PJ;19
Pedro Pacheco;0549; 12.450.00;Analista Administrativo;2023;Estágio;2
Breno Andrade;0550; 14.522.00;Vendedor;2024;PJ;17
Otto Barbosa;0551; 6.023.00;Médico;2025;MEI;13
Sra. Allana Pereira;0552; 3.389.00;Analista de RH;2023;Contrato Temporário;4
Eloah Borges;0553; 3.456.00;Técnico de Informática;2017;Estágio;10
Aylla Costa;0554; 4.146.00;Secretário;2025;Contrato Temporário;7
Alexia Freitas;0555; 7.085.00;Gerente de RH;2018;Terceirizado;15
Lucas Mendonça;0556; 16.121.00;Analista de Sistemas;2012;Estágio;20
Ravi Garcia;0557; 7.518.00;Engenheiro Civil;2025;Contrato Temporário;4
Sr. Henrique Albuquerque;0558; 5.379.00;Coordenador de Projetos;2012;CLT;10
Ravy da Cunha;0559; 9.789.00;Psicólogo;2016;Autônomo;9
Pedro Miguel Machado;0560; 2.820.00;Psicólogo;2022;Estágio;14
Camila Fernandes;0561; 4.684.00;Assistente Financeiro;2015;Autônomo;5
Anna Liz Alves;0562; 6.403.00;Bibliotecário;2012;Contrato Temporário;1
Heitor da Mata;0563; 11.188.00;Motorista;2011;CLT;15
Rael Sampaio;0564; 8.519.00;Desenvolvedor;2014;MEI;17
Dra. Ana Liz Sousa;0565; 16.275.00;Técnico de Informática;2022;Estágio;10
Igor Moura;0566; 6.613.00;Bibliotecário;2022;PJ;12
Ester Sales;0567; 16.868.00;Atendente;2014;Terceirizado;11
Henrique Castro;0568; 8.680.00;Vendedor;2020;Estágio;4
Sr. Guilherme da Costa;0569; 9.893.00;Desenvolvedor;2025;CLT;14
Joaquim Gonçalves;0570; 17.946.00;Coordenador de Projetos;2020;Autônomo;7
Srta. Laís da Paz;0571; 3.237.00;Gerente Financeiro;2018;Contrato Temporário;17
Thomas Melo;0572; 9.782.00;Analista de RH;2011;MEI;0
Samuel Barros;0573; 15.700.00;Enfermeiro;2022;MEI;16
Ravy da Cunha;0574; 8.129.00;Coordenador Pedagógico;2013;PJ;12
Sr. Diego Pimenta;0575; 13.230.00;Enfermeiro;2025;MEI;14
Maria Eduarda Novaes;0576; 7.786.00;Designer Gráfico;2016;Autônomo;1
Diogo Pastor;0577; 13.071.00;Enfermeiro;2013;Contrato Temporário;14
Zoe Almeida;0578; 1.772.00;Médico;2017;MEI;15
Sr. Josué Vasconcelos;0579; 14.070.00;Técnico de Informática;2023;MEI;13
Emanuel Costa;0580; 3.597.00;Enfermeiro;2010;Autônomo;13
João Miguel Sampaio;0581; 6.798.00;Supervisor de Vendas;2022;PJ;0
Enzo Gabriel Porto;0582; 7.270.00;Bibliotecário;2020;Contrato Temporário;8
Juan da Luz;0583; 4.607.00;Coordenador de Projetos;2011;PJ;11
Ana Carolina da Mata;0584; 5.932.00;Psicólogo;2022;Estágio;3
Renan Dias;0585; 13.154.00;Secretário;2026;Contrato Temporário;14
Dra. Ana Vitória Rodrigues;0586; 12.654.00;Gerente de RH;2020;Contrato Temporário;0
Diego Aparecida;0587; 1.620.00;Auxiliar de Logística;2019;CLT;8
Dante Melo;0588; 14.653.00;Bibliotecário;2025;CLT;17
Guilherme Novaes;0589; 12.013.00;Assistente de RH;2026;PJ;8
Catarina Mendonça;0590; 15.778.00;Atendente;2018;Terceirizado;9
Melissa da Cunha;0591; 4.359.00;Técnico de Informática;2025;Contrato Temporário;12
Sra. Anna Liz Sampaio;0592; 4.230.00;Engenheiro Civil;2020;CLT;4
Júlia Moraes;0593; 2.341.00;Assistente Social;2024;CLT;4
Maria Júlia Aparecida;0594; 11.390.00;Gerente Financeiro;2025;PJ;0
Bruno Rios;0595; 2.768.00;Contador;2012;MEI;7
Aylla Abreu;0596; 17.567.00;Auxiliar Administrativo;2021;Estágio;2
Luísa Almeida;0597; 9.618.00;Contador;2026;Autônomo;20
Heloisa Gomes;0598; 1.873.00;Professor;2021;Terceirizado;15
Lucca Andrade;0599; 3.461.00;Coordenador de Projetos;2013;MEI;7
Srta. Caroline Pinto;0600; 14.456.00;Designer Gráfico;2015;PJ;6
Sophie Castro;0601; 2.967.00;Analista de RH;2024;MEI;9
Alana Lima;0602; 14.434.00;Farmacêutico;2015;MEI;9
Mateus Camargo;0603; 4.362.00;Jornalista;2015;MEI;5
Ana Carolina Souza;0604; 4.584.00;Coordenador Pedagógico;2017;PJ;16
Milena da Paz;0605; 12.693.00;Engenheiro Civil;2018;Autônomo;14
Alexandre Pimenta;0606; 17.293.00;Coordenador de Projetos;2023;Contrato Temporário;5
Isabel da Rocha;0607; 7.066.00;Designer Gráfico;2013;PJ;5
Rebeca da Mata;0608; 15.154.00;Analista de Sistemas;2020;MEI;15
Antônio Vasconcelos;0609; 16.195.00;Professor;2018;CLT;14
Emanuelly Gomes;0610; 16.660.00;Recepcionista;2015;MEI;17
Maria Isis Dias;0611; 5.251.00;Pesquisador;2015;Contrato Temporário;8
Luna Sousa;0612; 5.860.00;Contador;2015;MEI;9
Pedro Henrique Costela;0613; 13.021.00;Auxiliar Administrativo;2012;MEI;1
Josué da Mota;0614; 5.928.00;Analista Contábil;2015;MEI;10
Maria Luísa Garcia;0615; 12.276.00;Engenheiro de Software;2018;Estágio;2
Pedro Vieira;0616; 12.415.00;Secretário;2022;Autônomo;8
Lívia Pereira;0617; 7.760.00;Bibliotecário;2026;PJ;7
Ana Vitória Aragão;0618; 12.973.00;Engenheiro Civil;2012;PJ;13
Dra. Manuella Duarte;0619; 15.881.00;Contador;2015;Contrato Temporário;20
Ayla Teixeira;0620; 7.213.00;Gerente Financeiro;2017;Estágio;6
Heloísa Santos;0621; 7.029.00;Designer Gráfico;2013;Contrato Temporário;12
Léo Ramos;0622; 7.460.00;Analista de Sistemas;2022;Autônomo;15
Enzo Gabriel da Rocha;0623; 14.537.00;Secretário;2010;PJ;11
Maitê Pimenta;0624; 8.948.00;Assistente de RH;2025;Autônomo;4
Antony Ramos;0625; 10.058.00;Auxiliar Contábil;2018;Estágio;20
Ana Carolina Guerra;0626; 1.921.00;Secretário;2013;MEI;6
João Lucas Caldeira;0627; 7.406.00;Pesquisador;2019;Contrato Temporário;14
José Pedro Marques;0628; 12.358.00;Coordenador Pedagógico;2019;PJ;18
Dr. Apollo Ribeiro;0629; 16.093.00;Analista de RH;2025;PJ;19
Ian Silveira;0630; 17.855.00;Secretário;2024;Autônomo;1
Ana Clara Andrade;0631; 12.508.00;Médico;2016;MEI;4
Luiza Câmara;0632; 16.256.00;Gerente de RH;2017;Estágio;2
Srta. Melina Cassiano;0633; 11.679.00;Técnico de Informática;2026;Contrato Temporário;4
Sra. Luara Vasconcelos;0634; 5.372.00;Desenvolvedor;2025;MEI;12
Ayla Pacheco;0635; 13.838.00;Gerente de RH;2020;CLT;2
Sr. Davi Lucas Vieira;0636; 12.642.00;Assistente de RH;2020;MEI;18
Arthur Gabriel Caldeira;0637; 17.244.00;Engenheiro Civil;2016;PJ;0
Maria Nogueira;0638; 5.651.00;Analista de Sistemas;2020;Autônomo;4
Nicole Vargas;0639; 7.308.00;Coordenador de Projetos;2017;CLT;19
Dr. Davi Lucca da Mota;0640; 8.306.00;Analista Contábil;2024;PJ;0
Antony Dias;0641; 2.080.00;Bibliotecário;2014;Estágio;2
Stephany Campos;0642; 5.988.00;Recepcionista;2025;MEI;1
Alícia Novaes;0643; 2.345.00;Médico;2025;CLT;7
João Viana;0644; 8.370.00;Designer Gráfico;2015;Autônomo;10
Amanda Oliveira;0645; 13.178.00;Coordenador de Projetos;2025;Estágio;10
Bruna Farias;0646; 5.322.00;Secretário;2016;Autônomo;17
Benício Rios;0647; 16.764.00;Assistente de RH;2022;Terceirizado;11
Manuela Pinto;0648; 9.961.00;Auxiliar de Logística;2010;Terceirizado;5
Liam Pimenta;0649; 9.776.00;Analista de Sistemas;2026;Terceirizado;8
Cecília Vargas;0650; 8.318.00;Engenheiro de Software;2011;CLT;7
Fernando Moura;0651; 8.800.00;Assistente Financeiro;2017;MEI;10
Maria Liz Freitas;0652; 15.610.00;Supervisor de Vendas;2015;Autônomo;20
Dr. Pedro Lucas Vargas;0653; 2.476.00;Coordenador de Projetos;2019;MEI;19
Ana Cecília Abreu;0654; 13.479.00;Auxiliar de Logística;2015;Terceirizado;1
Vitor Hugo Pacheco;0655; 12.083.00;Gerente de RH;2017;CLT;14
Bruno Correia;0656; 15.860.00;Gerente Financeiro;2021;PJ;20
Natália da Mata;0657; 6.776.00;Operador de Caixa;2010;Contrato Temporário;11
Isaac Marques;0658; 9.762.00;Designer Gráfico;2018;Estágio;10
Kevin Cirino;0659; 7.328.00;Assistente Financeiro;2026;Terceirizado;12
Felipe Leão;0660; 12.542.00;Farmacêutico;2013;PJ;16
Sr. Rhavi Novais;0661; 14.550.00;Técnico de Informática;2023;Estágio;10
Ana Lopes;0662; 5.380.00;Médico;2020;Contrato Temporário;3
Luiz Felipe da Cruz;0663; 11.683.00;Motorista;2010;Autônomo;14
Maria Julia Mendes;0664; 4.526.00;Secretário;2023;Estágio;10
Isabelly Ferreira;0665; 12.957.00;Professor;2012;Autônomo;9
Esther Sales;0666; 15.892.00;Recepcionista;2025;Terceirizado;1
Hadassa Novais;0667; 2.803.00;Recepcionista;2024;Terceirizado;10
Brayan Pinto;0668; 5.693.00;Jornalista;2021;CLT;7
Valentina da Mota;0669; 10.883.00;Analista de Sistemas;2010;MEI;1
Olivia Albuquerque;0670; 5.219.00;Bibliotecário;2015;Autônomo;1
Cecília Farias;0671; 10.247.00;Médico;2019;MEI;9
Théo Novaes;0672; 14.861.00;Operador de Caixa;2013;Contrato Temporário;15
Dra. Stella da Paz;0673; 3.353.00;Engenheiro de Software;2013;PJ;6
Sophia Novaes;0674; 5.792.00;Assistente Social;2013;Contrato Temporário;20
Dra. Nina Cavalcante;0675; 10.086.00;Recepcionista;2020;Contrato Temporário;10
Stephany Ramos;0676; 1.655.00;Coordenador Pedagógico;2022;Terceirizado;1
Murilo Pacheco;0677; 17.353.00;Auxiliar Contábil;2021;CLT;2
Maria Julia Siqueira;0678; 15.456.00;Jornalista;2014;PJ;0
Cauã Lopes;0679; 3.283.00;Recepcionista;2020;Terceirizado;3
Theo Gomes;0680; 11.277.00;Vendedor;2023;MEI;0
Thomas Freitas;0681; 7.125.00;Psicólogo;2021;Contrato Temporário;11
Heitor Mendes;0682; 7.011.00;Enfermeiro;2019;MEI;4
Caio Teixeira;0683; 14.530.00;Auxiliar Contábil;2010;Terceirizado;5
Ana Clara da Luz;0684; 10.073.00;Engenheiro Civil;2015;MEI;15
Sr. Ravy Gomes;0685; 15.924.00;Operador de Caixa;2023;MEI;4
Cauê Ferreira;0686; 5.214.00;Gerente Financeiro;2018;Terceirizado;10
Bernardo Teixeira;0687; 15.535.00;Farmacêutico;2022;CLT;7
Eduarda da Mata;0688; 15.493.00;Analista de Sistemas;2011;MEI;12
Lorenzo Vieira;0689; 8.519.00;Atendente;2019;Estágio;20
Luiz Felipe Campos;0690; 5.650.00;Supervisor de Vendas;2010;PJ;17
Srta. Manuela Ferreira;0691; 6.825.00;Secretário;2010;Autônomo;18
Vitor Hugo Sales;0692; 8.003.00;Desenvolvedor;2019;Contrato Temporário;13
Maria Laura da Rosa;0693; 1.935.00;Professor;2014;Autônomo;19
Luísa Macedo;0694; 3.058.00;Engenheiro Civil;2026;Autônomo;3
Calebe Moreira;0695; 13.628.00;Atendente;2019;Autônomo;0
Antony Abreu;0696; 8.500.00;Engenheiro Civil;2015;Terceirizado;12
Murilo Novaes;0697; 5.494.00;Enfermeiro;2020;CLT;11
Carlos Eduardo Cavalcante;0698; 2.114.00;Coordenador de Projetos;2023;Contrato Temporário;0
Guilherme Caldeira;0699; 11.018.00;Coordenador Pedagógico;2025;MEI;2
Henry Gabriel Rocha;0700; 6.469.00;Auxiliar Administrativo;2023;Autônomo;11
Eloá Castro;0701; 9.322.00;Gerente de RH;2012;Estágio;19
Mariana Siqueira;0702; 17.847.00;Farmacêutico;2015;MEI;6
Giovanna Casa Grande;0703; 4.557.00;Motorista;2019;Terceirizado;3
Liz da Paz;0704; 17.410.00;Atendente;2026;Autônomo;2
João Lucas Azevedo;0705; 3.497.00;Gerente Financeiro;2025;Contrato Temporário;20
Sophia Ramos;0706; 11.843.00;Gerente de RH;2010;PJ;5
Vitor da Mota;0707; 8.101.00;Operador de Caixa;2021;PJ;6
Ian Santos;0708; 2.932.00;Bibliotecário;2014;PJ;19
Igor Ramos;0709; 2.907.00;Auxiliar de Logística;2023;Estágio;1
Alana Rezende;0710; 13.552.00;Contador;2025;Autônomo;11
Gabrielly da Mota;0711; 16.867.00;Designer Gráfico;2022;PJ;16
Danilo Ribeiro;0712; 5.005.00;Analista de RH;2010;Terceirizado;15
Lorena Cirino;0713; 8.193.00;Engenheiro Civil;2010;PJ;9
Srta. Júlia Castro;0714; 7.159.00;Assistente de RH;2022;Autônomo;8
Sr. João Gabriel da Mata;0715; 10.966.00;Jornalista;2025;MEI;7
Sr. Bruno Machado;0716; 3.725.00;Coordenador Pedagógico;2017;Estágio;12
Ana Vitória Alves;0717; 5.175.00;Designer Gráfico;2013;Estágio;15
Dra. Ester Ferreira;0718; 2.005.00;Gerente Financeiro;2020;CLT;19
José Pedro Casa Grande;0719; 2.847.00;Secretário;2023;PJ;11
Léo Vasconcelos;0720; 2.568.00;Analista Contábil;2025;Terceirizado;17
Pedro Henrique Cavalcante;0721; 15.402.00;Secretário;2026;Autônomo;7
Sr. Matteo da Luz;0722; 7.065.00;Secretário;2010;Autônomo;1
Laura Rocha;0723; 2.408.00;Gerente de RH;2010;Contrato Temporário;2
Kevin Cirino;0724; 5.702.00;Recepcionista;2019;Contrato Temporário;5
Sr. Bernardo da Rosa;0725; 10.519.00;Pesquisador;2013;Autônomo;3
Ana Clara Siqueira;0726; 3.285.00;Secretário;2012;Contrato Temporário;10
Srta. Catarina Alves;0727; 10.379.00;Auxiliar Contábil;2025;PJ;8
Maria Luísa Ferreira;0728; 5.949.00;Analista de Sistemas;2015;Estágio;4
Maria Luiza da Conceição;0729; 3.261.00;Engenheiro de Software;2014;CLT;16
Gabrielly Moraes;0730; 2.961.00;Auxiliar de Logística;2017;Estágio;2
Ravy Garcia;0731; 8.021.00;Coordenador de Projetos;2026;Terceirizado;6
Lucas Oliveira;0732; 13.297.00;Designer Gráfico;2020;PJ;6
Sr. Pedro Sales;0733; 13.416.00;Analista Contábil;2013;Estágio;17
Sabrina Silveira;0734; 5.345.00;Atendente;2019;Autônomo;6
Vitor Sá;0735; 1.796.00;Contador;2024;PJ;10
Maysa Cassiano;0736; 11.711.00;Auxiliar Contábil;2024;Terceirizado;1
Theodoro Macedo;0737; 9.649.00;Assistente Social;2016;Terceirizado;17
Julia Sales;0738; 12.842.00;Gerente de RH;2021;MEI;14
Sr. Diego Santos;0739; 16.956.00;Assistente Financeiro;2012;PJ;5
Alexia Sá;0740; 7.844.00;Analista de Sistemas;2011;PJ;4
Bryan Montenegro;0741; 1.538.00;Psicólogo;2016;Contrato Temporário;9
Daniela Pacheco;0742; 11.399.00;Recepcionista;2011;Contrato Temporário;5
Anthony Vieira;0743; 16.811.00;Recepcionista;2025;PJ;1
Bruna Barbosa;0744; 15.040.00;Auxiliar Contábil;2013;Autônomo;7
Sra. Manuela Porto;0745; 10.472.00;Operador de Caixa;2022;Autônomo;12
Vicente Cavalcante;0746; 2.430.00;Assistente Social;2026;Estágio;13
Arthur Gabriel Fonseca;0747; 4.664.00;Designer Gráfico;2025;Autônomo;12
Caio Oliveira;0748; 10.626.00;Gerente de RH;2021;PJ;8
Rebeca Sampaio;0749; 3.346.00;Médico;2012;Contrato Temporário;19
Gustavo Henrique Andrade;0750; 13.250.00;Contador;2020;PJ;19
Dr. Gustavo Nunes;0751; 2.799.00;Gerente de RH;2020;Autônomo;4
Olivia Pinto;0752; 2.991.00;Vendedor;2014;Contrato Temporário;14
Mariana Porto;0753; 2.284.00;Assistente de RH;2016;CLT;3
Aurora Montenegro;0754; 12.643.00;Gerente Financeiro;2024;MEI;17
Vinicius Mendonça;0755; 4.029.00;Analista de RH;2022;Estágio;0
Raquel Gonçalves;0756; 12.943.00;Pesquisador;2019;PJ;3
Rafael Cunha;0757; 5.066.00;Operador de Caixa;2013;CLT;12
Ana Laura Vasconcelos;0758; 9.312.00;Gerente Financeiro;2010;PJ;19
Ana Carolina da Cruz;0759; 16.580.00;Analista Administrativo;2024;Contrato Temporário;9
Clarice Rezende;0760; 7.555.00;Engenheiro Civil;2024;Estágio;2
Gael Pereira;0761; 9.720.00;Auxiliar Contábil;2015;Terceirizado;16
Lorenzo Cirino;0762; 3.549.00;Assistente Social;2024;CLT;5
Francisco Farias;0763; 3.731.00;Enfermeiro;2011;CLT;19
Bianca Cavalcanti;0764; 4.816.00;Coordenador Pedagógico;2014;Estágio;13
Ana Laura Pinto;0765; 6.866.00;Enfermeiro;2022;Contrato Temporário;17
Sra. Eduarda Sales;0766; 14.913.00;Secretário;2023;Contrato Temporário;14
Benicio Viana;0767; 10.045.00;Atendente;2015;PJ;7
Ana Cecília Ferreira;0768; 2.702.00;Gerente Financeiro;2021;Estágio;2
Breno Moreira;0769; 5.434.00;Analista Contábil;2022;CLT;19
Allana Melo;0770; 14.954.00;Analista de RH;2017;Autônomo;3
Calebe Nunes;0771; 2.965.00;Jornalista;2025;Autônomo;16
Eduardo Moreira;0772; 11.602.00;Coordenador de Projetos;2014;Contrato Temporário;0
Davi Lucca Peixoto;0773; 10.375.00;Coordenador Pedagógico;2025;CLT;12
Melissa Leão;0774; 16.089.00;Analista Contábil;2010;PJ;18
Davi Lucca Rios;0775; 11.073.00;Analista Contábil;2010;Autônomo;6
Maria Helena Fernandes;0776; 15.854.00;Farmacêutico;2026;Contrato Temporário;4
Brayan Duarte;0777; 16.260.00;Engenheiro Civil;2012;Terceirizado;15
Isabela da Mata;0778; 4.090.00;Bibliotecário;2014;PJ;15
Pietro Pinto;0779; 9.348.00;Coordenador Pedagógico;2019;Terceirizado;3
Clara Cardoso;0780; 7.304.00;Técnico de Informática;2010;Estágio;10
Alexandre Teixeira;0781; 13.420.00;Designer Gráfico;2024;MEI;3
Carolina Oliveira;0782; 16.023.00;Recepcionista;2018;MEI;4
Joaquim da Mota;0783; 13.311.00;Pesquisador;2025;CLT;7
Paulo Leão;0784; 3.092.00;Vendedor;2012;PJ;2
Lucas Gabriel Lima;0785; 8.493.00;Enfermeiro;2021;Contrato Temporário;5
João Gabriel Costela;0786; 9.639.00;Assistente Social;2016;Terceirizado;0
Heitor Nunes;0787; 10.004.00;Auxiliar Contábil;2010;Terceirizado;2
Benjamin Nunes;0788; 16.613.00;Contador;2022;Autônomo;3
José Pedro Cassiano;0789; 9.620.00;Secretário;2016;MEI;15
Srta. Bruna Ferreira;0790; 2.162.00;Engenheiro Civil;2011;CLT;2
Dr. Davi da Rocha;0791; 12.569.00;Técnico de Informática;2022;MEI;14
Melissa Albuquerque;0792; 3.963.00;Bibliotecário;2015;CLT;6
Ana Luiza Fernandes;0793; 4.187.00;Assistente Financeiro;2023;Estágio;17
Luigi Dias;0794; 10.306.00;Coordenador Pedagógico;2018;Estágio;17
Eloá da Rocha;0795; 5.418.00;Designer Gráfico;2016;MEI;7
Bárbara Santos;0796; 12.188.00;Assistente Financeiro;2023;Contrato Temporário;10
Dr. Isaque Borges;0797; 14.813.00;Auxiliar de Logística;2014;Autônomo;12
Valentina Cunha;0798; 16.017.00;Engenheiro de Software;2010;CLT;7
Raquel Cirino;0799; 12.129.00;Psicólogo;2019;CLT;12
Yasmin Azevedo;0800; 14.150.00;Pesquisador;2016;Contrato Temporário;1
Sr. Paulo Vieira;0801; 3.001.00;Desenvolvedor;2021;Estágio;12
Pedro Miguel Mendes;0802; 2.006.00;Secretário;2023;Terceirizado;12
Agatha da Luz;0803; 15.863.00;Auxiliar Contábil;2017;Estágio;20
Igor Souza;0804; 12.004.00;Médico;2010;CLT;1
Lucca Porto;0805; 12.504.00;Operador de Caixa;2026;Estágio;18
Sra. Fernanda da Conceição;0806; 4.824.00;Analista Administrativo;2018;Estágio;1
Ana Júlia Ferreira;0807; 17.911.00;Secretário;2023;MEI;13
Dr. Daniel Pereira;0808; 14.060.00;Analista de RH;2026;MEI;16
Heloisa Pereira;0809; 15.967.00;Atendente;2017;Contrato Temporário;5
Yan Nunes;0810; 14.353.00;Médico;2014;Autônomo;4
Vitor Hugo Cardoso;0811; 10.822.00;Supervisor de Vendas;2021;Contrato Temporário;11
Maria Flor Correia;0812; 15.862.00;Recepcionista;2024;MEI;18
Srta. Stella Teixeira;0813; 2.424.00;Vendedor;2026;Terceirizado;20
Srta. Alexia Cardoso;0814; 9.293.00;Analista Administrativo;2019;CLT;20
Marina Costela;0815; 5.533.00;Professor;2011;Terceirizado;15
Marcela Andrade;0816; 6.451.00;Recepcionista;2022;Terceirizado;2
Sr. Murilo Borges;0817; 3.856.00;Supervisor de Vendas;2019;Autônomo;14
Emanuella Sales;0818; 6.116.00;Gerente Financeiro;2011;Estágio;17
Maria Fernanda Novais;0819; 14.558.00;Bibliotecário;2020;MEI;10
Valentim Mendes;0820; 11.710.00;Assistente Financeiro;2024;Autônomo;10
Sr. Pedro Lucas Rodrigues;0821; 13.268.00;Psicólogo;2023;Contrato Temporário;19
Srta. Mariana Novais;0822; 4.199.00;Auxiliar Contábil;2020;Estágio;11
Rebeca Araújo;0823; 14.152.00;Designer Gráfico;2023;Autônomo;14
Vitor Hugo Azevedo;0824; 10.967.00;Gerente de RH;2021;Contrato Temporário;0
Enrico Nogueira;0825; 8.030.00;Bibliotecário;2016;PJ;16
Benjamim Sales;0826; 16.987.00;Supervisor de Vendas;2013;Contrato Temporário;8
Sophie Teixeira;0827; 1.717.00;Recepcionista;2017;Autônomo;20
Bruna Pinto;0828; 9.810.00;Assistente de RH;2012;Contrato Temporário;17
Luiz Gustavo Porto;0829; 1.890.00;Pesquisador;2019;Autônomo;17
Maria Eduarda Novais;0830; 17.237.00;Designer Gráfico;2016;Terceirizado;7
Henry Gabriel Rocha;0831; 14.331.00;Analista de RH;2022;Terceirizado;8
Maria Vitória Albuquerque;0832; 8.805.00;Operador de Caixa;2016;Estágio;14
Sr. Ravi Lucca Montenegro;0833; 11.685.00;Engenheiro de Software;2020;Estágio;18
Luiz Miguel Moraes;0834; 1.725.00;Assistente Financeiro;2016;MEI;16
Heloisa Marques;0835; 8.815.00;Pesquisador;2020;CLT;11
Maria Laura Caldeira;0836; 12.678.00;Analista de RH;2021;MEI;14
Mathias Macedo;0837; 2.036.00;Vendedor;2020;MEI;15
João Miguel Pastor;0838; 8.829.00;Vendedor;2014;Terceirizado;12
Hadassa Pacheco;0839; 15.626.00;Farmacêutico;2017;CLT;11
Felipe Ribeiro;0840; 11.512.00;Gerente Financeiro;2018;Contrato Temporário;5
Calebe Rios;0841; 14.603.00;Recepcionista;2021;Terceirizado;2
Maria Flor Oliveira;0842; 5.849.00;Contador;2014;Estágio;15
Valentina Farias;0843; 9.366.00;Operador de Caixa;2021;Contrato Temporário;11
Ísis Aparecida;0844; 9.552.00;Técnico de Informática;2024;CLT;8
Dante Aragão;0845; 11.869.00;Designer Gráfico;2018;Autônomo;3
José Pedro Sales;0846; 7.244.00;Enfermeiro;2017;MEI;8
Igor Azevedo;0847; 15.606.00;Pesquisador;2012;Estágio;6
Maria Isis Vasconcelos;0848; 13.222.00;Psicólogo;2018;PJ;0
Daniel Nogueira;0849; 5.908.00;Gerente de RH;2022;Terceirizado;11
Luan Pimenta;0850; 16.427.00;Médico;2010;Estágio;1
Rafael Novais;0851; 15.095.00;Desenvolvedor;2021;MEI;4
Thomas das Neves;0852; 11.154.00;Bibliotecário;2023;Contrato Temporário;18
Leonardo Mendes;0853; 3.920.00;Secretário;2025;Contrato Temporário;16
Dra. Ana Julia Montenegro;0854; 10.016.00;Analista de RH;2021;Contrato Temporário;4
Noah Barbosa;0855; 14.416.00;Bibliotecário;2015;Terceirizado;4
Vinícius da Paz;0856; 4.498.00;Assistente de RH;2016;Estágio;6
Dr. Vinicius Sampaio;0857; 15.666.00;Auxiliar Contábil;2023;Autônomo;7
André Pires;0858; 8.720.00;Contador;2019;Estágio;12
Camila Fogaça;0859; 12.481.00;Farmacêutico;2022;Autônomo;10
Evelyn Fogaça;0860; 3.730.00;Auxiliar Contábil;2021;Terceirizado;2
Yasmin Porto;0861; 6.337.00;Engenheiro de Software;2018;Terceirizado;15
Isis das Neves;0862; 9.674.00;Psicólogo;2025;Contrato Temporário;14
Mirella Gonçalves;0863; 2.045.00;Atendente;2016;Terceirizado;10
Ana Laura Rezende;0864; 10.396.00;Assistente de RH;2014;PJ;14
Sra. Gabrielly Oliveira;0865; 4.112.00;Designer Gráfico;2014;Estágio;18
Enrico Castro;0866; 15.673.00;Farmacêutico;2011;Terceirizado;3
Vinicius Ribeiro;0867; 11.910.00;Secretário;2022;Terceirizado;9
Maria Fernanda da Conceição;0868; 7.719.00;Auxiliar Administrativo;2023;Estágio;11
Maria Sophia Jesus;0869; 2.286.00;Contador;2016;Autônomo;10
Léo Pires;0870; 17.325.00;Engenheiro de Software;2023;MEI;19
Srta. Alana Fogaça;0871; 10.052.00;Assistente Financeiro;2014;Contrato Temporário;2
Maria Casa Grande;0872; 9.761.00;Enfermeiro;2013;Contrato Temporário;3
Benjamin Fogaça;0873; 14.375.00;Analista Contábil;2022;CLT;17
Luiz Gustavo Pimenta;0874; 13.472.00;Auxiliar Contábil;2020;CLT;6
Davi Miguel da Mata;0875; 13.631.00;Assistente Social;2011;Terceirizado;7
Eloah Duarte;0876; 9.596.00;Enfermeiro;2015;Contrato Temporário;16
Sophie Moraes;0877; 7.912.00;Contador;2010;PJ;16
João Gabriel Lopes;0878; 14.518.00;Operador de Caixa;2013;Contrato Temporário;16
Luigi Costa;0879; 9.599.00;Recepcionista;2025;Autônomo;6
Luiz Miguel Vieira;0880; 11.141.00;Enfermeiro;2013;Terceirizado;20
Valentina da Cruz;0881; 7.342.00;Atendente;2016;Autônomo;20
Kaique Jesus;0882; 13.322.00;Vendedor;2018;Contrato Temporário;13
Anthony Gabriel Novaes;0883; 13.414.00;Assistente de RH;2022;PJ;10
Mariana da Mota;0884; 9.123.00;Analista de Sistemas;2010;Autônomo;7
Ana Liz Ribeiro;0885; 12.716.00;Analista Contábil;2026;MEI;17
Enzo Silva;0886; 2.913.00;Assistente Financeiro;2015;PJ;9
Samuel da Rosa;0887; 2.071.00;Designer Gráfico;2020;CLT;2
Luan da Cunha;0888; 5.164.00;Analista de RH;2014;Estágio;15
Enzo Gabriel Cunha;0889; 5.899.00;Pesquisador;2018;Contrato Temporário;17
Sra. Anna Liz Rocha;0890; 4.907.00;Motorista;2012;MEI;13
Benjamin Nascimento;0891; 6.836.00;Gerente Financeiro;2016;Autônomo;14
Ana Clara Barros;0892; 7.829.00;Analista Contábil;2011;MEI;16
Enrico Casa Grande;0893; 13.410.00;Designer Gráfico;2020;Contrato Temporário;4
Dr. Renan Farias;0894; 7.910.00;Motorista;2011;Terceirizado;10
Maria Júlia Sousa;0895; 5.862.00;Gerente de RH;2020;Contrato Temporário;19
Bento Gomes;0896; 4.181.00;Pesquisador;2015;Estágio;2
Hadassa Souza;0897; 9.170.00;Recepcionista;2023;Autônomo;5
João Vitor Freitas;0898; 7.138.00;Técnico de Informática;2018;Estágio;4
Vitor Peixoto;0899; 4.171.00;Técnico de Informática;2018;Contrato Temporário;6
Ravy Jesus;0900; 16.393.00;Pesquisador;2012;Terceirizado;11
Alícia Borges;0901; 7.328.00;Gerente Financeiro;2017;Estágio;17
Bento Campos;0902; 17.228.00;Auxiliar Contábil;2024;Terceirizado;3
Lucas Garcia;0903; 16.207.00;Assistente Social;2011;CLT;16
Isabela Borges;0904; 16.110.00;Auxiliar Administrativo;2022;PJ;16
Srta. Marcela Sales;0905; 15.233.00;Motorista;2012;MEI;19
Davi Luiz Pereira;0906; 9.407.00;Coordenador Pedagógico;2019;PJ;3
Thales Cunha;0907; 1.732.00;Engenheiro de Software;2014;Terceirizado;4
Gabrielly da Rosa;0908; 9.012.00;Auxiliar Contábil;2012;CLT;11
Erick Mendes;0909; 3.609.00;Vendedor;2014;PJ;7
Stella Leão;0910; 16.460.00;Enfermeiro;2015;CLT;3
Vitor Campos;0911; 13.144.00;Vendedor;2026;Autônomo;17
Maysa da Mata;0912; 9.584.00;Contador;2021;Autônomo;18
Ravy Machado;0913; 17.198.00;Auxiliar Contábil;2010;Autônomo;1
Laís da Rocha;0914; 7.176.00;Atendente;2021;Autônomo;1
Brayan Borges;0915; 10.205.00;Bibliotecário;2021;MEI;3
Heitor Fernandes;0916; 16.516.00;Gerente Financeiro;2018;PJ;0
Srta. Heloísa Leão;0917; 14.267.00;Engenheiro de Software;2018;Estágio;14
Sr. Benjamin Porto;0918; 8.062.00;Analista Administrativo;2013;Estágio;19
Bianca da Conceição;0919; 7.470.00;Assistente Financeiro;2010;Terceirizado;14
Valentina Sá;0920; 17.541.00;Assistente Financeiro;2026;Autônomo;12
Fernando Campos;0921; 9.041.00;Analista Administrativo;2020;CLT;0
Maitê Sá;0922; 17.977.00;Enfermeiro;2025;Autônomo;2
Dr. Luiz Otávio da Paz;0923; 9.514.00;Analista de Sistemas;2026;MEI;17
Leandro Cavalcante;0924; 16.142.00;Recepcionista;2023;MEI;13
Davi Miguel Cavalcante;0925; 1.953.00;Analista Administrativo;2014;Terceirizado;8
Srta. Olivia Alves;0926; 8.326.00;Assistente Financeiro;2026;CLT;1
João Moraes;0927; 4.693.00;Designer Gráfico;2025;Contrato Temporário;18
Ana Carolina Barros;0928; 16.931.00;Assistente Financeiro;2012;Estágio;9
Joana Fogaça;0929; 1.915.00;Gerente de RH;2020;PJ;7
Antonella Dias;0930; 16.887.00;Analista de Sistemas;2017;Estágio;12
Dr. Luan Dias;0931; 13.250.00;Engenheiro de Software;2024;Autônomo;7
Henrique Nunes;0932; 8.125.00;Bibliotecário;2025;CLT;15
Antônio Nogueira;0933; 14.098.00;Gerente Financeiro;2022;Estágio;0
Yuri Rocha;0934; 12.738.00;Jornalista;2025;Autônomo;15
Calebe Andrade;0935; 9.732.00;Psicólogo;2021;Contrato Temporário;2
Mateus Moura;0936; 4.501.00;Motorista;2026;Contrato Temporário;19
Rebeca Nunes;0937; 8.920.00;Coordenador de Projetos;2017;CLT;18
Emanuelly Vieira;0938; 14.244.00;Motorista;2024;Contrato Temporário;7
Alexia Sá;0939; 2.231.00;Médico;2014;Estágio;19
Rhavi Guerra;0940; 14.156.00;Auxiliar Administrativo;2020;MEI;12
Eduardo da Conceição;0941; 17.272.00;Auxiliar Contábil;2025;MEI;18
Manuela Sampaio;0942; 9.005.00;Analista Contábil;2024;Terceirizado;12
Luiz Miguel Farias;0943; 8.167.00;Assistente Social;2015;Autônomo;11
Ísis Casa Grande;0944; 4.690.00;Assistente de RH;2019;CLT;13
Bárbara Macedo;0945; 9.442.00;Operador de Caixa;2021;Estágio;13
Srta. Hadassa da Costa;0946; 15.594.00;Motorista;2020;Estágio;0
João Freitas;0947; 8.536.00;Psicólogo;2016;PJ;0
Juliana Nascimento;0948; 4.738.00;Gerente Financeiro;2015;PJ;4
Caio Novais;0949; 10.684.00;Professor;2014;MEI;11
João Pedro Camargo;0950; 3.134.00;Engenheiro de Software;2019;MEI;17
Alexandre Mendes;0951; 4.356.00;Bibliotecário;2016;CLT;7
Dr. Henry Gabriel da Costa;0952; 16.583.00;Enfermeiro;2013;CLT;2
Isabel Costela;0953; 16.324.00;Enfermeiro;2010;PJ;18
José Fogaça;0954; 11.327.00;Analista Administrativo;2011;PJ;3
Yasmin Sampaio;0955; 13.231.00;Supervisor de Vendas;2023;Estágio;18
Ravi Lucca Santos;0956; 2.384.00;Operador de Caixa;2022;PJ;9
Caleb Novaes;0957; 12.916.00;Atendente;2017;Terceirizado;0
Maria Eduarda Nogueira;0958; 3.711.00;Assistente de RH;2015;PJ;3
Maria Laura Souza;0959; 6.852.00;Designer Gráfico;2022;PJ;17
Luana da Conceição;0960; 17.763.00;Auxiliar Contábil;2010;CLT;19
Luan Oliveira;0961; 11.842.00;Jornalista;2025;Terceirizado;2
Alexandre Costa;0962; 10.321.00;Operador de Caixa;2017;MEI;20
Nathan Albuquerque;0963; 5.604.00;Assistente de RH;2023;Contrato Temporário;8
Dra. Lorena da Luz;0964; 10.128.00;Assistente Financeiro;2023;PJ;7
Davi Luiz Abreu;0965; 12.958.00;Desenvolvedor;2013;Autônomo;3
Isadora Andrade;0966; 5.605.00;Desenvolvedor;2024;MEI;19
Antônio Cassiano;0967; 8.384.00;Auxiliar de Logística;2010;Terceirizado;16
Clarice Martins;0968; 14.541.00;Engenheiro de Software;2020;Estágio;5
Lunna Costa;0969; 17.674.00;Desenvolvedor;2021;Contrato Temporário;5
Ísis Siqueira;0970; 14.620.00;Pesquisador;2010;Autônomo;13
Larissa Fernandes;0971; 11.142.00;Bibliotecário;2017;MEI;15
Ana Liz Novaes;0972; 17.582.00;Motorista;2018;Autônomo;10
Benicio Montenegro;0973; 8.533.00;Assistente Social;2011;CLT;8
Sr. Marcelo Abreu;0974; 10.149.00;Auxiliar Administrativo;2012;Terceirizado;9
Oliver Ramos;0975; 14.444.00;Engenheiro Civil;2017;CLT;9
Maria Isis Silveira;0976; 4.410.00;Designer Gráfico;2022;PJ;10
Benício Mendes;0977; 11.153.00;Secretário;2021;CLT;15
José Teixeira;0978; 11.980.00;Analista de RH;2018;Contrato Temporário;10
Gustavo Lopes;0979; 12.780.00;Médico;2018;Terceirizado;3
Davi Lucca Castro;0980; 14.055.00;Professor;2024;Autônomo;19
Diego Jesus;0981; 3.915.00;Médico;2013;Terceirizado;15
Fernanda Camargo;0982; 4.296.00;Coordenador de Projetos;2017;MEI;8
Nina Vieira;0983; 15.171.00;Atendente;2024;Contrato Temporário;0
Vitor Hugo Mendonça;0984; 6.327.00;Analista Contábil;2017;PJ;2
Sr. Vicente Aparecida;0985; 13.360.00;Assistente Social;2017;MEI;8
Matteo Cunha;0986; 12.437.00;Auxiliar Contábil;2025;CLT;16
Sr. Dante Oliveira;0987; 5.348.00;Motorista;2018;Contrato Temporário;1
Gabriel Albuquerque;0988; 8.674.00;Coordenador Pedagógico;2015;CLT;13
Felipe Barros;0989; 6.365.00;Coordenador Pedagógico;2026;Terceirizado;11
Sr. Davi Araújo;0990; 4.849.00;Gerente de RH;2019;Estágio;9
Aurora Cavalcante;0991; 8.945.00;Analista de RH;2017;CLT;13
Davi Lucas Ramos;0992; 4.599.00;Auxiliar Contábil;2024;Estágio;19
Enzo das Neves;0993; 10.259.00;Coordenador Pedagógico;2013;Autônomo;12
Carlos Eduardo Novais;0994; 12.174.00;Analista Administrativo;2025;MEI;15
Maysa Novais;0995; 8.462.00;Assistente Social;2016;Terceirizado;8
Miguel Vieira;0996; 4.277.00;Supervisor de Vendas;2013;Autônomo;16
Sra. Larissa Cirino;0997; 5.851.00;Engenheiro de Software;2017;Autônomo;6
Lorenzo Moura;0998; 5.303.00;Coordenador de Projetos;2018;Estágio;5
Luiz Fernando Camargo;0999; 8.087.00;Médico;2016;PJ;6
Dr. Ian Vasconcelos;1000; 17.470.00;Auxiliar Administrativo;2026;MEI;11
